{"cameraMode":{"drawMode":0,"name":"Shaded","section":"Shading Mode"},"sceneLighting":false,"audioPlay":false,"sceneViewState":{"m_AlwaysRefresh":false,"showFog":true,"showSkybox":false,"showFlares":true,"showImageEffects":true,"showParticleSystems":true,"showVisualEffectGraphs":true,"m_FxEnabled":true},"in2DMode":false,"pivot":{"x":-0.0000011262708312642645,"y":-0.0000037401932786451654,"z":0.000002815326297422871},"rotation":{"x":-0.28373846411705019,"y":-0.0040208399295806889,"z":-0.0011816477635875345,"w":0.9589023590087891},"size":0.000017320508050033823,"orthographic":false}