{"cameraMode":{"drawMode":0,"name":"Shaded","section":"Shading Mode"},"sceneLighting":false,"audioPlay":false,"sceneViewState":{"m_AlwaysRefresh":false,"showFog":true,"showSkybox":false,"showFlares":true,"showImageEffects":true,"showParticleSystems":true,"showVisualEffectGraphs":true,"m_FxEnabled":true},"in2DMode":false,"pivot":{"x":-0.5959744453430176,"y":1.355463981628418,"z":-0.3133128881454468},"rotation":{"x":-0.3761833608150482,"y":0.06552407890558243,"z":0.02668783813714981,"w":0.9238502383232117},"size":0.8823073506355286,"orthographic":false}