{"cameraMode":{"drawMode":0,"name":"Shaded","section":"Shading Mode"},"sceneLighting":true,"audioPlay":false,"sceneViewState":{"m_AlwaysRefresh":false,"showFog":true,"showSkybox":false,"showFlares":true,"showImageEffects":true,"showParticleSystems":true,"showVisualEffectGraphs":true,"m_FxEnabled":true},"in2DMode":false,"pivot":{"x":0.10887008905410767,"y":0.18033909797668458,"z":0.5695561766624451},"rotation":{"x":0.0965791791677475,"y":0.6145710945129395,"z":-0.07616493105888367,"w":0.7792250514030457},"size":0.4919746220111847,"orthographic":false}