{"cameraMode":{"drawMode":0,"name":"Shaded","section":"Shading Mode"},"sceneLighting":true,"audioPlay":false,"sceneViewState":{"m_AlwaysRefresh":false,"showFog":true,"showSkybox":true,"showFlares":true,"showImageEffects":true,"showParticleSystems":true,"showVisualEffectGraphs":true,"m_FxEnabled":true},"in2DMode":false,"pivot":{"x":0.5222792029380798,"y":2.9665446281433107,"z":1.2005531787872315},"rotation":{"x":-0.023935608565807344,"y":0.8091205358505249,"z":-0.03303954377770424,"w":-0.5862482190132141},"size":1.2663151025772095,"orthographic":false}