{"cameraMode":{"drawMode":0,"name":"Shaded","section":"Shading Mode"},"sceneLighting":true,"audioPlay":false,"sceneViewState":{"m_AlwaysRefresh":false,"showFog":true,"showSkybox":false,"showFlares":true,"showImageEffects":true,"showParticleSystems":true,"showVisualEffectGraphs":true,"m_FxEnabled":true},"in2DMode":false,"pivot":{"x":-0.4016556739807129,"y":0.07600077986717224,"z":0.502078115940094},"rotation":{"x":0.06923746317625046,"y":0.2053137868642807,"z":-0.014556815847754479,"w":0.976144552230835},"size":0.36899900436401369,"orthographic":false}