{"cameraMode":{"drawMode":0,"name":"Shaded","section":"Shading Mode"},"sceneLighting":false,"audioPlay":false,"sceneViewState":{"m_AlwaysRefresh":false,"showFog":true,"showSkybox":false,"showFlares":true,"showImageEffects":true,"showParticleSystems":true,"showVisualEffectGraphs":true,"m_FxEnabled":true},"in2DMode":false,"pivot":{"x":-0.000028449527235352434,"y":0.000009813369615585543,"z":7.319031283259392e-7},"rotation":{"x":-0.10554642230272293,"y":-0.18795378506183625,"z":-0.02031245268881321,"w":0.9762884378433228},"size":0.000017320508050033823,"orthographic":false}