{"cameraMode":{"drawMode":0,"name":"Shaded","section":"Shading Mode"},"sceneLighting":false,"audioPlay":false,"sceneViewState":{"m_AlwaysRefresh":false,"showFog":true,"showSkybox":false,"showFlares":true,"showImageEffects":true,"showParticleSystems":true,"showVisualEffectGraphs":true,"m_FxEnabled":true},"in2DMode":false,"pivot":{"x":-0.056497663259506229,"y":0.5770836472511292,"z":0.07641637325286865},"rotation":{"x":-0.3477227985858917,"y":0.015756627544760705,"z":0.005852796602994204,"w":0.9374566674232483},"size":1.5945526361465455,"orthographic":false}