{"cameraMode":{"drawMode":0,"name":"Shaded","section":"Shading Mode"},"sceneLighting":false,"audioPlay":false,"sceneViewState":{"m_AlwaysRefresh":false,"showFog":true,"showSkybox":false,"showFlares":true,"showImageEffects":true,"showParticleSystems":true,"showVisualEffectGraphs":true,"m_FxEnabled":true},"in2DMode":false,"pivot":{"x":-0.056627750396728519,"y":0.035784244537353519,"z":0.06460237503051758},"rotation":{"x":-0.08322341740131378,"y":-0.09372402727603913,"z":-0.007855171337723732,"w":0.9920915365219116},"size":4.385200500488281,"orthographic":false}